ID,投稿日,信頼度,分類先,ハッシュタグ,キャプション品種（正規化後）,ハッシュタグ品種（正規化後）,大分類,理由,キャプション（最初の100文字）
1760785632-0,2025-10-18,low,bqds,#ジサクボbqds,ブルークイーン,bqds,willinckii,"正規化後も不一致（キャプ:ブルークイーン vs ハッシュ:bqds）","Platycerium willinckii 'Blue Queen' spore dwarf"
1760755538-0,2025-10-18,low,キンググループエム,#ジサクボキンググループエム,ミュータント,キンググループエム,hillii,"正規化後も不一致（キャプ:ミュータント vs ハッシュ:キンググループエム）","P.hillii mutant sporeling “Group M”"
1758733985-0,2025-09-24,low,bqds,#ジサクボbqds,ブルークイーン,bqds,willinckii,"正規化後も不一致（キャプ:ブルークイーン vs ハッシュ:bqds）","Platycerium willinckii 'Blue Queen' spore dwarf"
1757669389-0,2025-09-12,low,キンググループエム,#ジサクボキンググループエム,ミュータント,キンググループエム,hillii,"正規化後も不一致（キャプ:ミュータント vs ハッシュ:キンググループエム）","P.hillii mutant sporeling “Group M”"
1756715299-0,2025-09-01,low,bqds,#ジサクボbqds,ブルークイーン,bqds,willinckii,"正規化後も不一致（キャプ:ブルークイーン vs ハッシュ:bqds）","Platycerium willinckii 'Blue Queen' spore dwarf"
1754637243-0,2025-08-08,low,キンググループエム,#ジサクボキンググループエム,ミュータント,キンググループエム,hillii,"正規化後も不一致（キャプ:ミュータント vs ハッシュ:キンググループエム）","P.hillii mutant sporeling “Group M”"
1753443768-0,2025-07-25,low,bqds,#ジサクボbqds,ブルークイーン,bqds,willinckii,"正規化後も不一致（キャプ:ブルークイーン vs ハッシュ:bqds）","Platycerium willinckii 'Blue Queen' spore dwarf"
1753267543-0,2025-07-23,low,ナノ,#ジサクボナノ,フェノメナル,ナノ,なし,"正規化後も不一致（キャプ:フェノメナル vs ハッシュ:ナノ）","P.Phenomenal"
1752285165-0,2025-07-12,low,キンググループエム,#ジサクボキンググループエム,ミュータント,キンググループエム,hillii,"正規化後も不一致（キャプ:ミュータント vs ハッシュ:キンググループエム）","P.hillii mutant sporeling “Group M”"
1751622967-0,2025-07-04,low,白ルイス,#ジサクボ白ルイス,マウントルイス,白ルイス,なし,"正規化後も不一致（キャプ:マウントルイス vs ハッシュ:白ルイス）","P.mt lewis "
1750941481-0,2025-06-26,low,キンググループエム,#ジサクボキンググループエム,ミュータント,キンググループエム,hillii,"正規化後も不一致（キャプ:ミュータント vs ハッシュ:キンググループエム）","P.hillii mutant sporeling “Group M”"
1750919202-0,2025-06-26,low,ハス,#ジサクボハス,has,ハス,hillii,"正規化後も不一致（キャプ:has vs ハッシュ:ハス）","P.hillii has"
1750855290-0,2025-06-25,low,ww,#ジサクボww,�wallichii,ww,willinckii,"正規化後も不一致（キャプ:�wallichii vs ハッシュ:ww）","P.willinckii �wallichii"
1750161279-0,2025-06-17,low,スパドワ,#ジサクボスパドワ,ドワーフ,スパドワ,superbum,"正規化後も不一致（キャプ:ドワーフ vs ハッシュ:スパドワ）","P.superbum dwarf sporeling"
1749903671-0,2025-06-14,low,bqds,#ジサクボbqds,ブルークイーン,bqds,willinckii,"正規化後も不一致（キャプ:ブルークイーン vs ハッシュ:bqds）","Platycerium willinckii 'Blue Queen' spore dwarf"
1749736748-0,2025-06-12,low,キンググループエム,#ジサクボキンググループエム,ミュータント,キンググループエム,hillii,"正規化後も不一致（キャプ:ミュータント vs ハッシュ:キンググループエム）","P.hillii mutant sporeling “Group M”"
1748350142-0,2025-05-27,low,コロナ,#ジサクボコロナ,ナノ,コロナ,ridleyi,"正規化後も不一致（キャプ:ナノ vs ハッシュ:コロナ）","P.ridleyi nano"
1748015931-0,2025-05-23,low,ww,#ジサクボww,�wallichii,ww,willinckii,"正規化後も不一致（キャプ:�wallichii vs ハッシュ:ww）","P.willinckii �wallichii"
1747143392-0,2025-05-13,low,ハス,#ジサクボハス,has,ハス,hillii,"正規化後も不一致（キャプ:has vs ハッシュ:ハス）","P.hillii has"
1746878550-0,2025-05-10,low,bqds,#ジサクボbqds,ブルークイーン,bqds,willinckii,"正規化後も不一致（キャプ:ブルークイーン vs ハッシュ:bqds）","Platycerium willinckii 'Blue Queen' spore dwarf"
1746709465-0,2025-05-08,low,キンググループエム,#ジサクボキンググループエム,ミュータント,キンググループエム,hillii,"正規化後も不一致（キャプ:ミュータント vs ハッシュ:キンググループエム）","P.hillii mutant sporeling “Group M”"
1745581281-0,2025-04-25,low,ww,#ジサクボww,�wallichii,ww,willinckii,"正規化後も不一致（キャプ:�wallichii vs ハッシュ:ww）","P.willinckii �wallichii"
1744903352-0,2025-04-17,low,ハス,#ジサクボハス,has,ハス,hillii,"正規化後も不一致（キャプ:has vs ハッシュ:ハス）","P.hillii has"
1744542539-0,2025-04-13,low,キンググループエム,#ジサクボキンググループエム,ミュータント,キンググループエム,hillii,"正規化後も不一致（キャプ:ミュータント vs ハッシュ:キンググループエム）","P.hillii mutant sporeling “Group M”"
1744186789-0,2025-04-09,low,スパドワ,#ジサクボスパドワ,ドワーフ,スパドワ,superbum,"正規化後も不一致（キャプ:ドワーフ vs ハッシュ:スパドワ）","P.superbum dwarf sporeling"
1743927485-0,2025-04-06,low,イザナギ,#ジサクボイザナギ,バノン,イザナギ,willinckii,"正規化後も不一致（キャプ:バノン vs ハッシュ:イザナギ）","P.willinckii Vanorn "
1743080552-0,2025-03-27,low,スパローズ,#ジサクボスパローズ,sparrow,スパローズ,willinckii,"正規化後も不一致（キャプ:sparrow vs ハッシュ:スパローズ）","P.willinckii Sparrow X"
1743074285-0,2025-03-27,low,bqds,#ジサクボbqds,ブルークイーン,bqds,willinckii,"正規化後も不一致（キャプ:ブルークイーン vs ハッシュ:bqds）","Platycerium willinckii 'Blue Queen' spore dwarf"
1742610707-0,2025-03-22,low,ブルークイーン,#ジサクボブルークイーン,オーバンリバー,ブルークイーン,veitchii,"正規化後も不一致（キャプ:オーバンリバー vs ハッシュ:ブルークイーン）","P.veitchii auburn river 胞子培養株#1"
1742548748-0,2025-03-21,low,ハス,#ジサクボハス,has,ハス,hillii,"正規化後も不一致（キャプ:has vs ハッシュ:ハス）","P.hillii has"
1741421874-0,2025-03-08,low,bqds,#ジサクボbqds,ブルークイーン,bqds,willinckii,"正規化後も不一致（キャプ:ブルークイーン vs ハッシュ:bqds）","Platycerium willinckii 'Blue Queen' spore dwarf"
1740662225-0,2025-02-27,low,スパローズ,#ジサクボスパローズ,sparrow,スパローズ,willinckii,"正規化後も不一致（キャプ:sparrow vs ハッシュ:スパローズ）","P.willinckii Sparrow X"
1740115288-0,2025-02-21,low,ハス,#ジサクボハス,has,ハス,hillii,"正規化後も不一致（キャプ:has vs ハッシュ:ハス）","P.hillii has"
1739794336-0,2025-02-17,low,ars3,#ジサクボars3,オーバンリバー,ars3,veitchii,"正規化後も不一致（キャプ:オーバンリバー vs ハッシュ:ars3）","P.veitchii auburn river 自家製sporeling’貯水葉ぴろぴろ丸’"
1739364479-0,2025-02-12,low,ドラレモ,#ジサクボドラレモ,"doralemo”,ドラレモ,veitchii,"正規化後も不一致（キャプ:""doralemo” vs ハッシュ:ドラレモ）","P.veitchii ""doralemo”"
1738676461-0,2025-02-04,low,フィッシュボーン,#ジサクボフィッシュボーン,fishbone,フィッシュボーン,willinckii,"正規化後も不一致（キャプ:fishbone vs ハッシュ:フィッシュボーン）","P.willinckii fishbone "
1738238781-0,2025-01-30,low,ars3,#ジサクボars3,オーバンリバー,ars3,veitchii,"正規化後も不一致（キャプ:オーバンリバー vs ハッシュ:ars3）","P.veitchii auburn river 自家製sporeling’貯水葉ぴろぴろ丸’"
1737987324-0,2025-01-27,low,スパドワ,#ジサクボスパドワ,ドワーフ,スパドワ,superbum,"正規化後も不一致（キャプ:ドワーフ vs ハッシュ:スパドワ）","P.superbum dwarf sporeling"
1737805009-0,2025-01-25,low,フィッシュボーン,#ジサクボフィッシュボーン,fishbone,フィッシュボーン,willinckii,"正規化後も不一致（キャプ:fishbone vs ハッシュ:フィッシュボーン）","P.willinckii fishbone "
1737298994-0,2025-01-19,low,ars3,#ジサクボars3,オーバンリバー,ars3,veitchii,"正規化後も不一致（キャプ:オーバンリバー vs ハッシュ:ars3）","P.veitchii auburn river胞子培養＃3"
1736668643-0,2025-01-12,low,ムーンライト,なし,ムーンライト,なし,willinckii,"キャプション「ムーンライト」のみで分類（ハッシュタグなし）","P.willinckii 月光爪哇 胞子培養株 #2"
1736591768-0,2025-01-11,low,ハス,#ジサクボハス,has,ハス,hillii,"正規化後も不一致（キャプ:has vs ハッシュ:ハス）","P.hillii has"
1736172651-0,2025-01-06,low,ars3,#ジサクボars3,オーバンリバー,ars3,veitchii,"正規化後も不一致（キャプ:オーバンリバー vs ハッシュ:ars3）","P.veitchii auburn river胞子培養＃3"
1736078888-0,2025-01-05,low,フィッシュボーン,#ジサクボフィッシュボーン,fishbone,フィッシュボーン,willinckii,"正規化後も不一致（キャプ:fishbone vs ハッシュ:フィッシュボーン）","P.willinckii fishbone "
1735475206-0,2024-12-29,low,まっしろ,#ジサクボまっしろ,massiro,まっしろ,なし,"正規化後も不一致（キャプ:massiro vs ハッシュ:まっしろ）","P.massiro "
1735397614-0,2024-12-28,low,フィッシュボーン,#ジサクボフィッシュボーン,fishbone,フィッシュボーン,willinckii,"正規化後も不一致（キャプ:fishbone vs ハッシュ:フィッシュボーン）","P.willinckii fishbone "
1735305420-0,2024-12-27,low,ムーンライト,なし,ムーンライト,なし,willinckii,"キャプション「ムーンライト」のみで分類（ハッシュタグなし）","P.willinckii 月光爪哇 胞子培養株 #1"
1735095705-0,2024-12-25,low,ブルークイーン,#ジサクボブルークイーン,オメガ,ブルークイーン,willinckii,"正規化後も不一致（キャプ:オメガ vs ハッシュ:ブルークイーン）","上P.willinckii omega"
1734955467-0,2024-12-23,low,ハス,#ジサクボハス,has,ハス,hillii,"正規化後も不一致（キャプ:has vs ハッシュ:ハス）","P.hillii has"
1734767694-0,2024-12-21,low,フィッシュボーン,#ジサクボフィッシュボーン,fishbone,フィッシュボーン,willinckii,"正規化後も不一致（キャプ:fishbone vs ハッシュ:フィッシュボーン）","P.willinckii fishbone "
1734693908-0,2024-12-20,low,白ルイス,#ジサクボ白ルイス,マウントルイス,白ルイス,なし,"正規化後も不一致（キャプ:マウントルイス vs ハッシュ:白ルイス）","P.mt lewis "
1734439513-0,2024-12-17,low,ベイチコロナ,#ジサクボベイチコロナ,マジュスミックス,ベイチコロナ,なし,"正規化後も不一致（キャプ:マジュスミックス vs ハッシュ:ベイチコロナ）","P.veitchii x coronarium "
1734439012-0,2024-12-17,low,ムーンライト,なし,ムーンライト,なし,willinckii,"キャプション「ムーンライト」のみで分類（ハッシュタグなし）","P.willinckii 月光爪哇 胞子培養株 #1"
1734438894-0,2024-12-17,low,ムーンライト,なし,ムーンライト,なし,willinckii,"キャプション「ムーンライト」のみで分類（ハッシュタグなし）","P.willinckii 月光爪哇 胞子培養株 #2"
1734353950-0,2024-12-16,low,ars3,#ジサクボars3,オーバンリバー,ars3,veitchii,"正規化後も不一致（キャプ:オーバンリバー vs ハッシュ:ars3）","P.veitchii auburn river胞子培養＃3"
1734310513-0,2024-12-16,low,フィッシュボーン,#ジサクボフィッシュボーン,fishbone,フィッシュボーン,willinckii,"正規化後も不一致（キャプ:fishbone vs ハッシュ:フィッシュボーン）","P.willinckii fishbone "
1733145103-0,2024-12-02,low,フィッシュボーン,#ジサクボフィッシュボーン,fishbone,フィッシュボーン,willinckii,"正規化後も不一致（キャプ:fishbone vs ハッシュ:フィッシュボーン）","P.willinckii fishbone "
1732976872-0,2024-11-30,low,ムーンライト,なし,ムーンライト,なし,willinckii,"キャプション「ムーンライト」のみで分類（ハッシュタグなし）","P.willinckii 月光爪哇 胞子培養株 #2"
1732883253-0,2024-11-29,low,リドドワ2,#ジサクボリドドワ2,ドワーフ,リドドワ2,ridleyi,"正規化後も不一致（キャプ:ドワーフ vs ハッシュ:リドドワ2）","P.ridleyi dwarf"
1732630316-0,2024-11-26,low,ハス,#ジサクボハス,has,ハス,hillii,"正規化後も不一致（キャプ:has vs ハッシュ:ハス）","P.hillii has"
1732420378-0,2024-11-24,low,スパドワ,#ジサクボスパドワ,ドワーフ,スパドワ,superbum,"正規化後も不一致（キャプ:ドワーフ vs ハッシュ:スパドワ）","P.superbum dwarf sporeling"
1731569266-0,2024-11-14,low,ww,#ジサクボww,�wallichii,ww,willinckii,"正規化後も不一致（キャプ:�wallichii vs ハッシュ:ww）","P.willinckii �wallichii"
1731218951-0,2024-11-10,low,ars3,#ジサクボars3,オーバンリバー,ars3,veitchii,"正規化後も不一致（キャプ:オーバンリバー vs ハッシュ:ars3）","P.veitchii auburn river胞子培養＃3"
1730901306-0,2024-11-06,low,スパドワ,#ジサクボスパドワ,ドワーフ,スパドワ,superbum,"正規化後も不一致（キャプ:ドワーフ vs ハッシュ:スパドワ）","P.superbum dwarf sporeling"
1730814487-0,2024-11-05,low,ベイチコロナ,#ジサクボベイチコロナ,マジュスミックス,ベイチコロナ,なし,"正規化後も不一致（キャプ:マジュスミックス vs ハッシュ:ベイチコロナ）","P.veitchii x coronarium "
1730378223-0,2024-10-31,low,白ルイス,#ジサクボ白ルイス,マウントルイス,白ルイス,なし,"正規化後も不一致（キャプ:マウントルイス vs ハッシュ:白ルイス）","P.mt lewis "
1730296640-0,2024-10-30,low,ムーンライト,なし,ムーンライト,なし,willinckii,"キャプション「ムーンライト」のみで分類（ハッシュタグなし）","P.willinckii 月光爪哇 胞子培養株 #2"
1730296564-0,2024-10-30,low,ムーンライト,なし,ムーンライト,なし,willinckii,"キャプション「ムーンライト」のみで分類（ハッシュタグなし）","P.willinckii 月光爪哇 胞子培養株 #1"
1730120188-0,2024-10-28,low,スパローズ,#ジサクボスパローズ,sparrow,スパローズ,willinckii,"正規化後も不一致（キャプ:sparrow vs ハッシュ:スパローズ）","P.willinckii Sparrow X"
1729680506-0,2024-10-23,low,ハス,#ジサクボハス,has,ハス,hillii,"正規化後も不一致（キャプ:has vs ハッシュ:ハス）","P.hillii has"
1729256584-0,2024-10-18,low,スパローズ,#ジサクボスパローズ,sparrow,スパローズ,willinckii,"正規化後も不一致（キャプ:sparrow vs ハッシュ:スパローズ）","P.willinckii Sparrow X"
1729089264-0,2024-10-16,low,ベイチコロナ,#ジサクボベイチコロナ,マジュスミックス,ベイチコロナ,なし,"正規化後も不一致（キャプ:マジュスミックス vs ハッシュ:ベイチコロナ）","P.veitchii x coronarium "
1728171337-0,2024-10-05,low,リドドワ2,#ジサクボリドドワ2,ドワーフ,リドドワ2,ridleyi,"正規化後も不一致（キャプ:ドワーフ vs ハッシュ:リドドワ2）","P.ridleyi dwarf"
1727869520-0,2024-10-02,low,ww,#ジサクボww,�wallichii,ww,willinckii,"正規化後も不一致（キャプ:�wallichii vs ハッシュ:ww）","P.willinckii �wallichii"
1727437990-0,2024-09-27,low,スパローズ,#ジサクボスパローズ,sparrow,スパローズ,willinckii,"正規化後も不一致（キャプ:sparrow vs ハッシュ:スパローズ）","P.willinckii Sparrow X"
1727353296-0,2024-09-26,low,ars3,#ジサクボars3,オーバンリバー,ars3,veitchii,"正規化後も不一致（キャプ:オーバンリバー vs ハッシュ:ars3）","P.veitchii auburn river胞子培養＃3"
1727274720-0,2024-09-25,low,ムーンライト,なし,ムーンライト,なし,willinckii,"キャプション「ムーンライト」のみで分類（ハッシュタグなし）","P.willinckii 月光爪哇 胞子培養株 #2"
1727274392-0,2024-09-25,low,ムーンライト,なし,ムーンライト,なし,willinckii,"キャプション「ムーンライト」のみで分類（ハッシュタグなし）","P.willinckii 月光爪哇 胞子培養株 #1"
1726848050-0,2024-09-20,low,スパドワ,#ジサクボスパドワ,ドワーフ,スパドワ,superbum,"正規化後も不一致（キャプ:ドワーフ vs ハッシュ:スパドワ）","P.superbum dwarf sporeling"
1726579855-0,2024-09-17,low,白ルイス,#ジサクボ白ルイス,マウントルイス,白ルイス,なし,"正規化後も不一致（キャプ:マウントルイス vs ハッシュ:白ルイス）","P.mt lewis 白い方"
1725975528-0,2024-09-10,low,ムーンライト,なし,ムーンライト,なし,willinckii,"キャプション「ムーンライト」のみで分類（ハッシュタグなし）","P.willinckii 月光爪哇 胞子培養株 #2"
1725836876-0,2024-09-08,low,マジュスポ,#ジサクボマジュスポ,hk,マジュスポ,なし,"正規化後も不一致（キャプ:hk vs ハッシュ:マジュスポ）","P.sp HK sporeling 【Majus mix 】"
1725796185-0,2024-09-08,low,ムーンライト,なし,ムーンライト,なし,willinckii,"キャプション「ムーンライト」のみで分類（ハッシュタグなし）","P.willinckii 月光爪哇 胞子培養株 #1"
1725769035-0,2024-09-08,low,ハス,#ジサクボハス,has,ハス,hillii,"正規化後も不一致（キャプ:has vs ハッシュ:ハス）","P.hillii has"
1725695508-0,2024-09-07,low,ベイチコロナ,#ジサクボベイチコロナ,マジュスミックス,ベイチコロナ,なし,"正規化後も不一致（キャプ:マジュスミックス vs ハッシュ:ベイチコロナ）","P.veitchii x coronarium "
1725535046-0,2024-09-05,low,ギンカ,#ジサクボギンカ,ginka,ギンカ,なし,"正規化後も不一致（キャプ:ginka vs ハッシュ:ギンカ）","P.Ginka"
1724931659-0,2024-08-29,low,ww,#ジサクボww,�wallichii,ww,willinckii,"正規化後も不一致（キャプ:�wallichii vs ハッシュ:ww）","P.willinckii �wallichii"
1724418695-0,2024-08-23,low,ハス,#ジサクボハス,has,ハス,hillii,"正規化後も不一致（キャプ:has vs ハッシュ:ハス）","P.hillii has"
1723547622-0,2024-08-13,low,ギンカ,#ジサクボギンカ,ginka,ギンカ,なし,"正規化後も不一致（キャプ:ginka vs ハッシュ:ギンカ）","P.Ginka"
1723452334-0,2024-08-12,low,ars3,#ジサクボars3,オーバンリバー,ars3,veitchii,"正規化後も不一致（キャプ:オーバンリバー vs ハッシュ:ars3）","P.veitchii auburn river胞子培養＃3"
1723367053-0,2024-08-11,low,マジュスポ,#ジサクボマジュスポ,hk,マジュスポ,なし,"正規化後も不一致（キャプ:hk vs ハッシュ:マジュスポ）","P.sp HK sporeling 【Majus mix 】"
1722737376-0,2024-08-04,low,ベイチコロナ,#ジサクボベイチコロナ,マジュスミックス,ベイチコロナ,なし,"正規化後も不一致（キャプ:マジュスミックス vs ハッシュ:ベイチコロナ）","P.veitchii x coronarium "
1722665791-0,2024-08-03,low,ww,#ジサクボww,�wallichii,ww,willinckii,"正規化後も不一致（キャプ:�wallichii vs ハッシュ:ww）","P.willinckii �wallichii"
1722342185-0,2024-07-30,low,スパドワ,#ジサクボスパドワ,ドワーフ,スパドワ,superbum,"正規化後も不一致（キャプ:ドワーフ vs ハッシュ:スパドワ）","P.superbum dwarf sporeling"
1722038261-0,2024-07-26,low,ハス,#ジサクボハス,has,ハス,hillii,"正規化後も不一致（キャプ:has vs ハッシュ:ハス）","P.hillii has"
1721996686-0,2024-07-26,low,マジュスポ,#ジサクボマジュスポ,hk,マジュスポ,なし,"正規化後も不一致（キャプ:hk vs ハッシュ:マジュスポ）","P.sp HK sporeling 【Majus mix 】"
1721210067-0,2024-07-17,low,スコタツ,#ジサクボスコタツ,scofieldtatsuta,スコタツ,willinckii,"正規化後も不一致（キャプ:scofieldtatsuta vs ハッシュ:スコタツ）","P willinckii scofieldtatsuta spore"
1721119456-0,2024-07-16,low,ギンカ,#ジサクボギンカ,ginka,ギンカ,なし,"正規化後も不一致（キャプ:ginka vs ハッシュ:ギンカ）","P.Ginka"
1721031215-0,2024-07-15,low,ars3,#ジサクボars3,オーバンリバー,ars3,veitchii,"正規化後も不一致（キャプ:オーバンリバー vs ハッシュ:ars3）","P.veitchii auburn river胞子培養＃3"
1720999243-0,2024-07-14,low,マジュスポ,#ジサクボマジュスポ,hk,マジュスポ,なし,"正規化後も不一致（キャプ:hk vs ハッシュ:マジュスポ）","P.sp HK sporeling 【Majus mix 】"
1720518375-0,2024-07-09,low,ww,#ジサクボww,�wallichii,ww,willinckii,"正規化後も不一致（キャプ:�wallichii vs ハッシュ:ww）","P.willinckii �wallichii"
1719961363-0,2024-07-02,low,ギンカ,#ジサクボギンカ,ginka,ギンカ,なし,"正規化後も不一致（キャプ:ginka vs ハッシュ:ギンカ）","P.Ginka"
1719617361-0,2024-06-28,low,4クイーン,#ジサクボ4クイーン,フォンシキ,4クイーン,willinckii,"正規化後も不一致（キャプ:フォンシキ vs ハッシュ:4クイーン）","P.willinckii cv 4queen sporeling"
1719401149-0,2024-06-26,low,ww,#ジサクボww,�wallichii,ww,willinckii,"正規化後も不一致（キャプ:�wallichii vs ハッシュ:ww）","P.willinckii �wallichii"
1718840769-0,2024-06-19,low,ギンカ,#ジサクボギンカ,ginka,ギンカ,なし,"正規化後も不一致（キャプ:ginka vs ハッシュ:ギンカ）","P.Ginka"
1718792443-0,2024-06-19,low,ars1,#ジサクボars1,オーバンリバー,ars1,veitchii,"正規化後も不一致（キャプ:オーバンリバー vs ハッシュ:ars1）","P.veitchii auburn river胞子培養＃1"
1718627390-0,2024-06-17,low,ナノ,なし,ナノ,なし,ridleyi,"キャプション「ナノ」のみで分類（ハッシュタグなし）","P.ridleyi nano"
1718364864-0,2024-06-14,low,ブルークイーン,#ジサクボブルークイーン,オーバンリバー,ブルークイーン,veitchii,"正規化後も不一致（キャプ:オーバンリバー vs ハッシュ:ブルークイーン）","P.veitchii auburn river 胞子培養株#1"
1718186377-0,2024-06-12,low,ars1,#ジサクボars1,オーバンリバー,ars1,veitchii,"正規化後も不一致（キャプ:オーバンリバー vs ハッシュ:ars1）","P.veitchii auburn river胞子培養＃1"
1717813046-0,2024-06-08,low,ギンカ,#ジサクボギンカ,ginka,ギンカ,なし,"正規化後も不一致（キャプ:ginka vs ハッシュ:ギンカ）","P.Ginka"
1717584184-0,2024-06-05,low,ハス,#ジサクボハス,has,ハス,hillii,"正規化後も不一致（キャプ:has vs ハッシュ:ハス）","P.hillii has"
1716680550-0,2024-05-25,low,ギンカ,#ジサクボギンカ,ギズモ,ギンカ,なし,"正規化後も不一致（キャプ:ギズモ vs ハッシュ:ギンカ）","Right:P.white gizmo"
1716539045-0,2024-05-24,low,ジクジク,#ジサクボジクジク,gqgq,ジクジク,なし,"正規化後も不一致（キャプ:gqgq vs ハッシュ:ジクジク）","P.gqgq"
1716287362-0,2024-05-21,low,イエロームーン,#ジサクボイエロームーン,‘yellow,イエロームーン,willinckii,"正規化後も不一致（キャプ:‘yellow vs ハッシュ:イエロームーン）","P.willinckii ‘yellow moon’"
1715768328-0,2024-05-15,low,ギンカ,#ジサクボギンカ,ginka,ギンカ,なし,"正規化後も不一致（キャプ:ginka vs ハッシュ:ギンカ）","P.Ginka"
1715262380-0,2024-05-09,low,ars3,#ジサクボars3,オーバンリバー,ars3,veitchii,"正規化後も不一致（キャプ:オーバンリバー vs ハッシュ:ars3）","P.veitchii auburn river胞子培養＃3"
1715249279-0,2024-05-09,low,リドドワ2,#ジサクボリドドワ2,ドワーフ,リドドワ2,ridleyi,"正規化後も不一致（キャプ:ドワーフ vs ハッシュ:リドドワ2）","P.ridleyi dwarf"
1714740588-0,2024-05-03,low,まっしろ,#ジサクボまっしろ,massiro,まっしろ,なし,"正規化後も不一致（キャプ:massiro vs ハッシュ:まっしろ）","P.massiro "
1714727050-0,2024-05-03,low,ハス,#ジサクボハス,has,ハス,hillii,"正規化後も不一致（キャプ:has vs ハッシュ:ハス）","P.hillii has"
1714564778-0,2024-05-01,low,jgs6,#ジサクボjgs6,ジェイドガール,jgs6,willinckii,"正規化後も不一致（キャプ:ジェイドガール vs ハッシュ:jgs6）","P.willinckii jade girl sporeling"
1714485800-0,2024-04-30,low,ギンカ,#ジサクボギンカ,ginka,ギンカ,なし,"正規化後も不一致（キャプ:ginka vs ハッシュ:ギンカ）","P.Ginka"
1714480355-0,2024-04-30,low,ars1,#ジサクボars1,オーバンリバー,ars1,veitchii,"正規化後も不一致（キャプ:オーバンリバー vs ハッシュ:ars1）","右P.veitchii auburn river胞子培養＃3"
1714480355-0,2024-04-30,low,ars3,#ジサクボars3,オーバンリバー,ars3,veitchii,"正規化後も不一致（キャプ:オーバンリバー vs ハッシュ:ars3）","右P.veitchii auburn river胞子培養＃3"
1714480355-0,2024-04-30,low,ベイチースポア,#ジサクボベイチースポア,オーバンリバー,ベイチースポア,veitchii,"正規化後も不一致（キャプ:オーバンリバー vs ハッシュ:ベイチースポア）","右P.veitchii auburn river胞子培養＃3"
1714270113-0,2024-04-28,low,ars1,#ジサクボars1,オーバンリバー,ars1,veitchii,"正規化後も不一致（キャプ:オーバンリバー vs ハッシュ:ars1）","P.veitchii auburn river胞子培養＃1"
1714265620-0,2024-04-28,low,ベイチースポア,#ジサクボベイチースポア,胞子,ベイチースポア,veitchii,"正規化後も不一致（キャプ:胞子 vs ハッシュ:ベイチースポア）","P.veitchii sporeling (Group-VR)"
1713951296-0,2024-04-24,low,スコタツ,#ジサクボスコタツ,scofieldtatsuta,スコタツ,willinckii,"正規化後も不一致（キャプ:scofieldtatsuta vs ハッシュ:スコタツ）","P willinckii scofieldtatsuta spore"
1713327193-0,2024-04-17,low,ドラレモ,#ジサクボドラレモ,"doralemo”,ドラレモ,veitchii,"正規化後も不一致（キャプ:""doralemo” vs ハッシュ:ドラレモ）","P.veitchii ""doralemo”"
1713180208-0,2024-04-15,low,ジクジク,#ジサクボジクジク,gqgq,ジクジク,なし,"正規化後も不一致（キャプ:gqgq vs ハッシュ:ジクジク）","P.gqgq"
1712835893-0,2024-04-11,low,スコタツ,#ジサクボスコタツ,scofieldtatsuta,スコタツ,willinckii,"正規化後も不一致（キャプ:scofieldtatsuta vs ハッシュ:スコタツ）","P willinckii scofieldtatsuta spore"
1712665306-0,2024-04-09,low,ww,#ジサクボww,�wallichii,ww,willinckii,"正規化後も不一致（キャプ:�wallichii vs ハッシュ:ww）","P.willinckii �wallichii"
1712238572-0,2024-04-04,low,ドラレモ,#ジサクボドラレモ,"doralemo”,ドラレモ,veitchii,"正規化後も不一致（キャプ:""doralemo” vs ハッシュ:ドラレモ）","P.veitchii ""doralemo”"
1711629512-0,2024-03-28,low,ジクジク,#ジサクボジクジク,gqgq,ジクジク,なし,"正規化後も不一致（キャプ:gqgq vs ハッシュ:ジクジク）","P.gqgq"
1711542935-0,2024-03-27,low,ars3,#ジサクボars3,オーバンリバー,ars3,veitchii,"正規化後も不一致（キャプ:オーバンリバー vs ハッシュ:ars3）","P.veitchii auburn river胞子培養＃3"
1711455585-0,2024-03-26,low,スコタツ,#ジサクボスコタツ,scofieldtatsuta,スコタツ,willinckii,"正規化後も不一致（キャプ:scofieldtatsuta vs ハッシュ:スコタツ）","P willinckii scofieldtatsuta spore"
1710926455-0,2024-03-20,low,ars1,#ジサクボars1,オーバンリバー,ars1,veitchii,"正規化後も不一致（キャプ:オーバンリバー vs ハッシュ:ars1）","P.veitchii auburn river胞子培養＃1"
1710565997-0,2024-03-16,low,ars3,#ジサクボars3,オーバンリバー,ars3,veitchii,"正規化後も不一致（キャプ:オーバンリバー vs ハッシュ:ars3）","P.veitchii auburn river胞子培養＃3"
1710421979-0,2024-03-14,low,イエロームーン,#ジサクボイエロームーン,‘yellow,イエロームーン,willinckii,"正規化後も不一致（キャプ:‘yellow vs ハッシュ:イエロームーン）","P.willinckii ‘yellow moon’"
1710329634-0,2024-03-13,low,ww,#ジサクボww,�wallichii,ww,willinckii,"正規化後も不一致（キャプ:�wallichii vs ハッシュ:ww）","P.willinckii �wallichii"
1710162131-0,2024-03-11,low,ベイチースポア,#ジサクボベイチースポア,胞子,ベイチースポア,veitchii,"正規化後も不一致（キャプ:胞子 vs ハッシュ:ベイチースポア）","P.veitchii sporeling (Group-VR)"
1709815362-0,2024-03-07,low,スコタツ,#ジサクボスコタツ,scofieldtatsuta,スコタツ,willinckii,"正規化後も不一致（キャプ:scofieldtatsuta vs ハッシュ:スコタツ）","P willinckii scofieldtatsuta spore"
1709725727-0,2024-03-06,low,ars3,#ジサクボars3,オーバンリバー,ars3,veitchii,"正規化後も不一致（キャプ:オーバンリバー vs ハッシュ:ars3）","P.veitchii auburn river胞子培養＃3"
1709515974-0,2024-03-04,low,ハス,#ジサクボハス,has,ハス,hillii,"正規化後も不一致（キャプ:has vs ハッシュ:ハス）","P.hillii has"
1709384002-0,2024-03-02,low,ドラレモ,#ジサクボドラレモ,"doralemo”,ドラレモ,veitchii,"正規化後も不一致（キャプ:""doralemo” vs ハッシュ:ドラレモ）","P.veitchii ""doralemo”"
1709122294-0,2024-02-28,low,白ルイス,#ジサクボ白ルイス,マウントルイス,白ルイス,なし,"正規化後も不一致（キャプ:マウントルイス vs ハッシュ:白ルイス）","P.mt lewis 白い方"
1708603536-0,2024-02-22,low,マジュスポ,#ジサクボマジュスポ,hk,マジュスポ,なし,"正規化後も不一致（キャプ:hk vs ハッシュ:マジュスポ）","P.sp HK sporeling 【Majus mix 】"
1708432593-0,2024-02-20,low,ars1,#ジサクボars1,オーバンリバー,ars1,veitchii,"正規化後も不一致（キャプ:オーバンリバー vs ハッシュ:ars1）","P.veitchii auburn river胞子培養＃1"
1708432205-0,2024-02-20,low,ars3,#ジサクボars3,オーバンリバー,ars3,veitchii,"正規化後も不一致（キャプ:オーバンリバー vs ハッシュ:ars3）","P.veitchii auburn river胞子培養＃3"
1707526420-0,2024-02-10,low,白ルイス,#ジサクボルイス,マウントルイス,白ルイス,なし,"正規化後も不一致（キャプ:マウントルイス vs ハッシュ:白ルイス）","P.mt lewis "
1707310626-0,2024-02-07,low,スパドワ,#ジサクボスパドワ,ドワーフ,スパドワ,superbum,"正規化後も不一致（キャプ:ドワーフ vs ハッシュ:スパドワ）","P.superbum dwarf sporeling"
1707137511-0,2024-02-05,low,ベイチースポア,#ジサクボベイチースポア,胞子,ベイチースポア,veitchii,"正規化後も不一致（キャプ:胞子 vs ハッシュ:ベイチースポア）","P.veitchii sporeling (Group-VR)"
1706704082-0,2024-01-31,low,ars3,#ジサクボars3,オーバンリバー,ars3,veitchii,"正規化後も不一致（キャプ:オーバンリバー vs ハッシュ:ars3）","P.veitchii auburn river胞子培養＃3"
1706355573-0,2024-01-27,low,スーダン,#ジサクボスーダン,bogor,スーダン,willinckii,"正規化後も不一致（キャプ:bogor vs ハッシュ:スーダン）","P.willinckii bogor suddan"
1706270178-0,2024-01-26,low,ライディーン,#ジサクボライディーン,rydeen,ライディーン,なし,"正規化後も不一致（キャプ:rydeen vs ハッシュ:ライディーン）","P.Rydeen"
1706182281-0,2024-01-25,low,ギンカ,#ジサクボギンカ,ginka,ギンカ,なし,"正規化後も不一致（キャプ:ginka vs ハッシュ:ギンカ）","P.Ginka"
1705927019-0,2024-01-22,low,jgs4,#ジサクボjgs4,ジェイドガール,jgs4,willinckii,"正規化後も不一致（キャプ:ジェイドガール vs ハッシュ:jgs4）","P.willinckii jade girl sporeling"
1705926730-0,2024-01-22,low,jgs2,#ジサクボjgs2,ジェイドガール,jgs2,willinckii,"正規化後も不一致（キャプ:ジェイドガール vs ハッシュ:jgs2）","P.willinckii jade girl sporeling"
1705840442-0,2024-01-21,low,jgs6,#ジサクボjgs6,ジェイドガール,jgs6,willinckii,"正規化後も不一致（キャプ:ジェイドガール vs ハッシュ:jgs6）","P.willinckii jade girl sporeling"
1705751961-0,2024-01-20,low,リドドワ2,#ジサクボリドドワ2,ドワーフ,リドドワ2,ridleyi,"正規化後も不一致（キャプ:ドワーフ vs ハッシュ:リドドワ2）","P.ridleyi dwarf"
1705535657-0,2024-01-17,low,ペドロ,#ジサクボペドロ,セルソタツタ,ペドロ,なし,"正規化後も不一致（キャプ:セルソタツタ vs ハッシュ:ペドロ）","P.Pedro tatsuta "
1705491384-0,2024-01-17,low,スコタツ,#ジサクボスコタツ,scofieldtatsuta,スコタツ,willinckii,"正規化後も不一致（キャプ:scofieldtatsuta vs ハッシュ:スコタツ）","P willinckii scofieldtatsuta spore"
1705412578-0,2024-01-16,low,ars1,#ジサクボars1,オーバンリバー,ars1,veitchii,"正規化後も不一致（キャプ:オーバンリバー vs ハッシュ:ars1）","P.veitchii auburn river胞子培養＃1"
1705407738-0,2024-01-16,low,ars4,#ジサクボars4,オーバンリバー,ars4,veitchii,"正規化後も不一致（キャプ:オーバンリバー vs ハッシュ:ars4）","P.veitchii auburn river胞子培養＃4"
1705317459-0,2024-01-15,low,ars3,#ジサクボars3,オーバンリバー,ars3,veitchii,"正規化後も不一致（キャプ:オーバンリバー vs ハッシュ:ars3）","P.veitchii auburn river胞子培養＃3"
1705060267-0,2024-01-12,low,ベイチースポア,#ジサクボベイチースポア,胞子,ベイチースポア,veitchii,"正規化後も不一致（キャプ:胞子 vs ハッシュ:ベイチースポア）","P.veitchii sporeling (Group-VR)"
1704890849-0,2024-01-10,low,マジュスポ,#ジサクボマジュスポ,hk,マジュスポ,なし,"正規化後も不一致（キャプ:hk vs ハッシュ:マジュスポ）","P.sp HK sporeling 【Majus mix 】"
1704800187-0,2024-01-09,low,ジクジク,#ジサクボジクジク,gqgq,ジクジク,なし,"正規化後も不一致（キャプ:gqgq vs ハッシュ:ジクジク）","P.gqgq"
1704586857-0,2024-01-07,low,スーダン,#ジサクボスーダン,bogor,スーダン,willinckii,"正規化後も不一致（キャプ:bogor vs ハッシュ:スーダン）","P.willinckii bogor suddan"
1704374920-0,2024-01-04,low,ベイチコロナ,#ジサクボベイチコロナ,マジュスミックス,ベイチコロナ,なし,"正規化後も不一致（キャプ:マジュスミックス vs ハッシュ:ベイチコロナ）","P.veitchii x coronarium "
1703812433-0,2023-12-29,low,ペドロ,#ジサクボペドロ,セルソタツタ,ペドロ,なし,"正規化後も不一致（キャプ:セルソタツタ vs ハッシュ:ペドロ）","P.Pedro tatsuta "
1703775333-0,2023-12-28,low,ars3,#ジサクボars3,オーバンリバー,ars3,veitchii,"正規化後も不一致（キャプ:オーバンリバー vs ハッシュ:ars3）","P.veitchii auburn river胞子培養＃3"
1703683883-0,2023-12-27,low,jgs6,#ジサクボjgs6,ジェイドガール,jgs6,willinckii,"正規化後も不一致（キャプ:ジェイドガール vs ハッシュ:jgs6）","P.willinckii jade girl sporeling"
1703683883-0,2023-12-27,low,jgs4,#ジサクボjgs4,ジェイドガール,jgs4,willinckii,"正規化後も不一致（キャプ:ジェイドガール vs ハッシュ:jgs4）","P.willinckii jade girl sporeling"
1703682284-0,2023-12-27,low,ギンカ,#ジサクボギンカ,ginka,ギンカ,なし,"正規化後も不一致（キャプ:ginka vs ハッシュ:ギンカ）","P.Ginka"
1703075159-0,2023-12-20,low,イエロームーン,#ジサクボイエロームーン,‘yellow,イエロームーン,willinckii,"正規化後も不一致（キャプ:‘yellow vs ハッシュ:イエロームーン）","P.willinckii ‘yellow moon’"
1702989870-0,2023-12-19,low,スーダン,#ジサクボスーダン,bogor,スーダン,willinckii,"正規化後も不一致（キャプ:bogor vs ハッシュ:スーダン）","P.willinckii bogor suddan"
1702554547-0,2023-12-14,low,ベイチースポア,#ジサクボベイチースポア,胞子,ベイチースポア,veitchii,"正規化後も不一致（キャプ:胞子 vs ハッシュ:ベイチースポア）","P.veitchii sporeling (Group-VR)"
1702469576-0,2023-12-13,low,ペドロ,#ジサクボペドロ,セルソタツタ,ペドロ,なし,"正規化後も不一致（キャプ:セルソタツタ vs ハッシュ:ペドロ）","P.Pedro tatsuta "
1702291081-0,2023-12-11,low,白ルイス,#ジサクボ白ルイス,マウントルイス,白ルイス,なし,"正規化後も不一致（キャプ:マウントルイス vs ハッシュ:白ルイス）","P.mt lewis "
1701357903-0,2023-11-30,low,スパドワ,#ジサクボスパドワ,ドワーフ,スパドワ,superbum,"正規化後も不一致（キャプ:ドワーフ vs ハッシュ:スパドワ）","P.superbum dwarf sporeling"
1700883507-0,2023-11-25,low,ペドロ,#ジサクボペドロ,セルソタツタ,ペドロ,なし,"正規化後も不一致（キャプ:セルソタツタ vs ハッシュ:ペドロ）","P.Pedro tatsuta "
1700883128-0,2023-11-25,low,ベイチースポア,#ジサクボベイチースポア,胞子,ベイチースポア,veitchii,"正規化後も不一致（キャプ:胞子 vs ハッシュ:ベイチースポア）","P.veitchii sporeling (Group-VR)"
1700826936-0,2023-11-24,low,白ルイス,#ジサクボ白ルイス,マウントルイス,白ルイス,なし,"正規化後も不一致（キャプ:マウントルイス vs ハッシュ:白ルイス）","P.mt lewis 白い方"
1700575047-0,2023-11-21,low,マジュスポ,#ジサクボマジュスポ,hk,マジュスポ,なし,"正規化後も不一致（キャプ:hk vs ハッシュ:マジュスポ）","P.sp HK sporeling 【Majus mix 】"
1700225054-0,2023-11-17,low,ars3,#ジサクボars3,オーバンリバー,ars3,veitchii,"正規化後も不一致（キャプ:オーバンリバー vs ハッシュ:ars3）","P.veitchii auburn river胞子培養＃3"
1700222852-0,2023-11-17,low,ars1,#ジサクボars1,オーバンリバー,ars1,veitchii,"正規化後も不一致（キャプ:オーバンリバー vs ハッシュ:ars1）","P.veitchii auburn river胞子培養＃1"
1699791125-0,2023-11-12,low,ギンカ,#ジサクボギンカ,ginka,ギンカ,なし,"正規化後も不一致（キャプ:ginka vs ハッシュ:ギンカ）","P.Ginka"
1699700627-0,2023-11-11,low,ww,#ジサクボww,�wallichii,ww,willinckii,"正規化後も不一致（キャプ:�wallichii vs ハッシュ:ww）","P.willinckii �wallichii"
1699535444-0,2023-11-09,low,白ルイス,#ジサクボルイス,マウントルイス,白ルイス,なし,"正規化後も不一致（キャプ:マウントルイス vs ハッシュ:白ルイス）","P.mt lewis "
1698931381-0,2023-11-02,low,ペドロ,#ジサクボペドロ,セルソタツタ,ペドロ,なし,"正規化後も不一致（キャプ:セルソタツタ vs ハッシュ:ペドロ）","P.Pedro tatsuta "
1698931194-0,2023-11-02,low,イエロームーン,#ジサクボイエロームーン,‘yellow,イエロームーン,willinckii,"正規化後も不一致（キャプ:‘yellow vs ハッシュ:イエロームーン）","P.willinckii ‘yellow moon’"
1698644971-0,2023-10-30,low,マジュスポ,#ジサクボマジュスポ,hk,マジュスポ,なし,"正規化後も不一致（キャプ:hk vs ハッシュ:マジュスポ）","P.sp HK sporeling 【Majus mix 】"
1698323583-0,2023-10-26,low,jgs2,#ジサクボjgs2,ジェイドガール,jgs2,willinckii,"正規化後も不一致（キャプ:ジェイドガール vs ハッシュ:jgs2）","P.willinckii jade girl sporeling"
1698061607-0,2023-10-23,low,jgs6,#ジサクボjgs6,ジェイドガール,jgs6,willinckii,"正規化後も不一致（キャプ:ジェイドガール vs ハッシュ:jgs6）","P.willinckii jade girl sporeling"
1697371721-0,2023-10-15,low,ギンカ,#ジサクボギンカ,ginka,ギンカ,なし,"正規化後も不一致（キャプ:ginka vs ハッシュ:ギンカ）","P.Ginka"
1697198788-0,2023-10-13,low,ワイワイ,#ジサクボワイワイ,ナノ,ワイワイ,ridleyi,"正規化後も不一致（キャプ:ナノ vs ハッシュ:ワイワイ）","P.ridleyi Nano"
1697108715-0,2023-10-12,low,スーダン,#ジサクボスーダン,bogor,スーダン,willinckii,"正規化後も不一致（キャプ:bogor vs ハッシュ:スーダン）","P.willinckii bogor suddan"
1697027204-0,2023-10-11,low,スパドワ,#ジサクボスパドワ,ドワーフ,スパドワ,superbum,"正規化後も不一致（キャプ:ドワーフ vs ハッシュ:スパドワ）","P.superbum dwarf sporeling"
1697017159-0,2023-10-11,low,ベイチースポア,#ジサクボベイチースポア,胞子,ベイチースポア,veitchii,"正規化後も不一致（キャプ:胞子 vs ハッシュ:ベイチースポア）","P.veitchii sporeling (Group-VR)"
1696931719-0,2023-10-10,low,ライディーン,#ジサクボライディーン,rydeen,ライディーン,なし,"正規化後も不一致（キャプ:rydeen vs ハッシュ:ライディーン）","P.Rydeen"
1696756076-0,2023-10-08,low,白ルイス,#ジサクボルイス,マウントルイス,白ルイス,なし,"正規化後も不一致（キャプ:マウントルイス vs ハッシュ:白ルイス）","P.mt lewis "
1696722489-0,2023-10-07,low,マジュスポ,#ジサクボマジュスポ,hk,マジュスポ,なし,"正規化後も不一致（キャプ:hk vs ハッシュ:マジュスポ）","P.sp HK sporeling 【Majus mix 】"
1696499389-0,2023-10-05,low,ペドロ,#ジサクボペドロ,セルソタツタ,ペドロ,なし,"正規化後も不一致（キャプ:セルソタツタ vs ハッシュ:ペドロ）","P.Pedro tatsuta "
1696422672-0,2023-10-04,low,ars3,#ジサクボars3,オーバンリバー,ars3,veitchii,"正規化後も不一致（キャプ:オーバンリバー vs ハッシュ:ars3）","P.veitchii auburn river胞子培養＃3"
1696332983-0,2023-10-03,low,ジクジク,#ジサクボジクジク,gqgq,ジクジク,なし,"正規化後も不一致（キャプ:gqgq vs ハッシュ:ジクジク）","P.gqgq"
1695905530-0,2023-09-28,low,イエロームーン,#ジサクボイエロームーン,‘yellow,イエロームーン,willinckii,"正規化後も不一致（キャプ:‘yellow vs ハッシュ:イエロームーン）","P.willinckii ‘yellow moon’"
1695806024-0,2023-09-27,low,ww,#ジサクボww,�wallichii,ww,willinckii,"正規化後も不一致（キャプ:�wallichii vs ハッシュ:ww）","P.willinckii �wallichii"
1695732883-0,2023-09-26,low,ベイチコロナ,#ジサクボベイチコロナ,マジュスミックス,ベイチコロナ,なし,"正規化後も不一致（キャプ:マジュスミックス vs ハッシュ:ベイチコロナ）","P.veitchii x coronarium "
1695647205-0,2023-09-25,low,白ルイス,#ジサクボ白ルイス,マウントルイス,白ルイス,なし,"正規化後も不一致（キャプ:マウントルイス vs ハッシュ:白ルイス）","P.mt lewis 白い方"
1695205599-0,2023-09-20,low,白ルイス,#ジサクボルイス,マウントルイス,白ルイス,なし,"正規化後も不一致（キャプ:マウントルイス vs ハッシュ:白ルイス）","P.mt lewis "
1695117644-0,2023-09-19,low,ペドロ,#ジサクボペドロ,セルソタツタ,ペドロ,なし,"正規化後も不一致（キャプ:セルソタツタ vs ハッシュ:ペドロ）","P.Pedro tatsuta "
1694738766-0,2023-09-15,low,スーダン,#ジサクボスーダン,bogor,スーダン,willinckii,"正規化後も不一致（キャプ:bogor vs ハッシュ:スーダン）","P.willinckii bogor suddan"
1694597483-0,2023-09-13,low,艶女,#ジサクボ艶女,adagio,艶女,willinckii,"正規化後も不一致（キャプ:adagio vs ハッシュ:艶女）","P.willinckii adagio"
1694515292-0,2023-09-12,low,スパドワ,#ジサクボスパドワ,ドワーフ,スパドワ,superbum,"正規化後も不一致（キャプ:ドワーフ vs ハッシュ:スパドワ）","P.superbum dwarf sporeling"
1694432713-0,2023-09-11,low,マタタ,#ジサクボマタタ,matara,マタタ,なし,"正規化後も不一致（キャプ:matara vs ハッシュ:マタタ）","P.hakuna Matara"
1694230116-0,2023-09-09,low,イエロームーン,#ジサクボイエロームーン,‘yellow,イエロームーン,willinckii,"正規化後も不一致（キャプ:‘yellow vs ハッシュ:イエロームーン）","P.willinckii ‘yellow moon’"
1694172293-0,2023-09-08,low,ベイチースポア,#ジサクボベイチースポア,胞子,ベイチースポア,veitchii,"正規化後も不一致（キャプ:胞子 vs ハッシュ:ベイチースポア）","P.veitchii sporeling (Group-VR)"
1694081939-0,2023-09-07,low,マジュスポ,#ジサクボマジュスポ,hk,マジュスポ,なし,"正規化後も不一致（キャプ:hk vs ハッシュ:マジュスポ）","P.sp HK sporeling 【Majus mix 】"
1694004796-0,2023-09-06,low,ジクジク,#ジサクボジクジク,gqgq,ジクジク,なし,"正規化後も不一致（キャプ:gqgq vs ハッシュ:ジクジク）","P.gqgq"
1693795883-0,2023-09-04,low,ars3,#ジサクボars3,オーバンリバー,ars3,veitchii,"正規化後も不一致（キャプ:オーバンリバー vs ハッシュ:ars3）","P.veitchii auburn river胞子培養＃3"
1693745394-0,2023-09-03,low,スコタツ,#ジサクボスコタツ,scofieldtatsuta,スコタツ,willinckii,"正規化後も不一致（キャプ:scofieldtatsuta vs ハッシュ:スコタツ）","P willinckii scofieldtatsuta spore"
1693658130-0,2023-09-02,low,ww,#ジサクボww,�wallichii,ww,willinckii,"正規化後も不一致（キャプ:�wallichii vs ハッシュ:ww）","P.willinckii �wallichii"
1693572824-0,2023-09-01,low,ペドロ,#ジサクボペドロ,セルソタツタ,ペドロ,なし,"正規化後も不一致（キャプ:セルソタツタ vs ハッシュ:ペドロ）","P.Pedro tatsuta "
1693570052-0,2023-09-01,low,ギンカ,#ジサクボギンカ,ginka,ギンカ,なし,"正規化後も不一致（キャプ:ginka vs ハッシュ:ギンカ）","P.Ginka"
1693214514-0,2023-08-28,low,jgs6,#ジサクボjgs6,ジェイドガール,jgs6,willinckii,"正規化後も不一致（キャプ:ジェイドガール vs ハッシュ:jgs6）","P.willinckii jade girl sporeling"
1693097447-0,2023-08-27,low,イエロームーン,#ジサクボイエロームーン,‘yellow,イエロームーン,willinckii,"正規化後も不一致（キャプ:‘yellow vs ハッシュ:イエロームーン）","P.willinckii ‘yellow moon’"
1692703646-0,2023-08-22,low,白ルイス,#ジサクボ白ルイス,マウントルイス,白ルイス,なし,"正規化後も不一致（キャプ:マウントルイス vs ハッシュ:白ルイス）","P.mt lewis 白い方"
1692612270-0,2023-08-21,low,ars3,#ジサクボars3,オーバンリバー,ars3,veitchii,"正規化後も不一致（キャプ:オーバンリバー vs ハッシュ:ars3）","P.veitchii auburn river胞子培養＃3"
1692420585-0,2023-08-19,low,スマーフ,#ジサクボスマーフ,ムーンライト,スマーフ,willinckii,"正規化後も不一致（キャプ:ムーンライト vs ハッシュ:スマーフ）","P.willinckii 月光爪哇"
1692408194-0,2023-08-19,low,スーダン,#ジサクボスーダン,bogor,スーダン,willinckii,"正規化後も不一致（キャプ:bogor vs ハッシュ:スーダン）","P.willinckii bogor suddan"
1692331230-0,2023-08-18,low,ギンカ,#ジサクボギンカ,ginka,ギンカ,なし,"正規化後も不一致（キャプ:ginka vs ハッシュ:ギンカ）","P.Ginka"
1692155903-0,2023-08-16,low,艶女,#ジサクボ艶女,adagio,艶女,willinckii,"正規化後も不一致（キャプ:adagio vs ハッシュ:艶女）","P.willinckii adagio"
1692017691-0,2023-08-14,low,jgs3,#ジサクボjgs3,ジェイドガール,jgs3,willinckii,"正規化後も不一致（キャプ:ジェイドガール vs ハッシュ:jgs3）","P.willinckii jade girl sporeling"
1692017030-0,2023-08-14,low,jgs2,#ジサクボjgs2,ジェイドガール,jgs2,willinckii,"正規化後も不一致（キャプ:ジェイドガール vs ハッシュ:jgs2）","P.willinckii jade girl sporeling"
1692016619-0,2023-08-14,low,jgs4,#ジサクボjgs4,ジェイドガール,jgs4,willinckii,"正規化後も不一致（キャプ:ジェイドガール vs ハッシュ:jgs4）","P.willinckii jade girl sporeling"
1691807595-0,2023-08-12,low,キングフィッシャー,#ジサクボキングフィッシャー,エルサ,キングフィッシャー,なし,"正規化後も不一致（キャプ:エルサ vs ハッシュ:キングフィッシャー）","P.Elsa"
1691807595-0,2023-08-12,low,vp16,#ジサクボvp16,エルサ,vp16,なし,"正規化後も不一致（キャプ:エルサ vs ハッシュ:vp16）","P.Elsa"
1691801170-0,2023-08-12,low,ペドロ,#ジサクボペドロ,セルソタツタ,ペドロ,なし,"正規化後も不一致（キャプ:セルソタツタ vs ハッシュ:ペドロ）","P.Pedro tatsuta "
1691742696-0,2023-08-11,low,jgs6,#ジサクボjgs6,ジェイドガール,jgs6,willinckii,"正規化後も不一致（キャプ:ジェイドガール vs ハッシュ:jgs6）","P.willinckii jade girl sporeling"
1691619440-0,2023-08-09,low,イエロームーン,#ジサクボイエロームーン,‘yellow,イエロームーン,willinckii,"正規化後も不一致（キャプ:‘yellow vs ハッシュ:イエロームーン）","P.willinckii ‘yellow moon’"
1691404160-0,2023-08-07,low,ars4,#ジサクボars4,オーバンリバー,ars4,veitchii,"正規化後も不一致（キャプ:オーバンリバー vs ハッシュ:ars4）","P.veitchii auburn river胞子培養＃4"
1691400358-0,2023-08-07,low,ars3,#ジサクボars3,オーバンリバー,ars3,veitchii,"正規化後も不一致（キャプ:オーバンリバー vs ハッシュ:ars3）","P.veitchii auburn river胞子培養＃3"
1691154955-0,2023-08-04,low,ベイチースポア,#ジサクボベイチースポア,胞子,ベイチースポア,veitchii,"正規化後も不一致（キャプ:胞子 vs ハッシュ:ベイチースポア）","P.veitchii sporeling (Group-VR)"
1691074065-0,2023-08-03,low,ドラレモ,#ジサクボドラレモ,doralemo,ドラレモ,veitchii,"正規化後も不一致（キャプ:doralemo vs ハッシュ:ドラレモ）","P.veitchii doralemo"
1690977888-0,2023-08-02,low,スパドワ,#ジサクボスパドワ,ドワーフ,スパドワ,superbum,"正規化後も不一致（キャプ:ドワーフ vs ハッシュ:スパドワ）","P.superbum dwarf sporeling"
1690931775-0,2023-08-01,low,ライディーン,#ジサクボライディーン,rydeen,ライディーン,なし,"正規化後も不一致（キャプ:rydeen vs ハッシュ:ライディーン）","P.Rydeen"
1690800981-0,2023-07-31,low,ワイルドウィリンキー,#ジサクボワイルドウィリンキー,indonesia,ワイルドウィリンキー,willinckii,"正規化後も不一致（キャプ:indonesia vs ハッシュ:ワイルドウィリンキー）","P.willinckii Indonesia wild "
1690717400-0,2023-07-30,low,スコタツ,#ジサクボスコタツ,scofieldtatsuta,スコタツ,willinckii,"正規化後も不一致（キャプ:scofieldtatsuta vs ハッシュ:スコタツ）","P willinckii scofieldtatsuta spore"
1690292618-0,2023-07-25,low,ギンカ,#ジサクボギンカ,ginka,ギンカ,なし,"正規化後も不一致（キャプ:ginka vs ハッシュ:ギンカ）","P.Ginka"
1690280580-0,2023-07-25,low,白ルイス,#ジサクボルイス,マウントルイス,白ルイス,なし,"正規化後も不一致（キャプ:マウントルイス vs ハッシュ:白ルイス）","P.mt lewis "
1690202829-0,2023-07-24,low,ジェイドガール,なし,ジェイドガール,なし,willinckii,"キャプション「ジェイドガール」のみで分類（ハッシュタグなし）","P.willinckii jade girl sporeling"
1689847570-0,2023-07-20,low,スーダン,#ジサクボスーダン,bogor,スーダン,willinckii,"正規化後も不一致（キャプ:bogor vs ハッシュ:スーダン）","P.willinckii bogor suddan"
1689675616-0,2023-07-18,low,マジュスポ,#ジサクボマジュスポ,hk,マジュスポ,なし,"正規化後も不一致（キャプ:hk vs ハッシュ:マジュスポ）","P.sp HK sporeling 【Majus mix 】"
1689489385-0,2023-07-16,low,ペドロ,#ジサクボペドロ,セルソタツタ,ペドロ,なし,"正規化後も不一致（キャプ:セルソタツタ vs ハッシュ:ペドロ）","P.Pedro tatsuta "
1689386927-0,2023-07-15,low,イエロームーン,#ジサクボイエロームーン,‘yellow,イエロームーン,willinckii,"正規化後も不一致（キャプ:‘yellow vs ハッシュ:イエロームーン）","P.willinckii ‘yellow moon’"
1688208591-0,2023-07-01,low,白ルイス,#ジサクボ白ルイス,マウントルイス,白ルイス,なし,"正規化後も不一致（キャプ:マウントルイス vs ハッシュ:白ルイス）","P.mt lewis 白い方"
1688169606-0,2023-07-01,low,スコタツ,#ジサクボスコタツ,scofieldtatsuta,スコタツ,willinckii,"正規化後も不一致（キャプ:scofieldtatsuta vs ハッシュ:スコタツ）","P willinckii scofieldtatsuta spore"
1688034049-0,2023-06-29,low,79,#ジサクボ79,7-9,79,willinckii,"正規化後も不一致（キャプ:7-9 vs ハッシュ:79）","P.willinckii 7-9"
1687669599-0,2023-06-25,low,jgs6,#ジサクボjgs6,ジェイドガール,jgs6,willinckii,"正規化後も不一致（キャプ:ジェイドガール vs ハッシュ:jgs6）","P.willinckii jade girl sporeling"
1687661766-0,2023-06-25,low,jgs5,#ジサクボjgs5,ジェイドガール,jgs5,willinckii,"正規化後も不一致（キャプ:ジェイドガール vs ハッシュ:jgs5）","P.willinckii jade girl sporeling"
1687537392-0,2023-06-23,low,ペドロ,#ジサクボペドロ,セルソタツタ,ペドロ,なし,"正規化後も不一致（キャプ:セルソタツタ vs ハッシュ:ペドロ）","P.Pedro tatsuta "
1687516292-0,2023-06-23,low,スパドワ,#ジサクボスパドワ,ドワーフ,スパドワ,superbum,"正規化後も不一致（キャプ:ドワーフ vs ハッシュ:スパドワ）","P.superbum dwarf sporeling"
1687513997-0,2023-06-23,low,ベイチースポア,#ジサクボベイチースポア,胞子,ベイチースポア,veitchii,"正規化後も不一致（キャプ:胞子 vs ハッシュ:ベイチースポア）","P.veitchii sporeling (Group-VR)"
1687253274-0,2023-06-20,low,jgs,#ジサクボjgs,ジェイドガール,jgs,willinckii,"正規化後も不一致（キャプ:ジェイドガール vs ハッシュ:jgs）","P.willinckii jade girl sporeling"
1687253274-0,2023-06-20,low,jgs2,#ジサクボjgs2,ジェイドガール,jgs2,willinckii,"正規化後も不一致（キャプ:ジェイドガール vs ハッシュ:jgs2）","P.willinckii jade girl sporeling"
1687170892-0,2023-06-19,low,マジュスポ,#ジサクボマジュスポ,hk,マジュスポ,なし,"正規化後も不一致（キャプ:hk vs ハッシュ:マジュスポ）","P.sp HK sporeling 【Majus mix 】"
1686831152-0,2023-06-15,low,白ルイス,#ジサクボルイス,マウントルイス,白ルイス,なし,"正規化後も不一致（キャプ:マウントルイス vs ハッシュ:白ルイス）","P.mt lewis "
1686564046-0,2023-06-12,low,スーダン,#ジサクボスーダン,bogor,スーダン,willinckii,"正規化後も不一致（キャプ:bogor vs ハッシュ:スーダン）","P.willinckii bogor suddan"
1686459526-0,2023-06-11,low,スパドワ,#ジサクボスパドワ,ドワーフ,スパドワ,superbum,"正規化後も不一致（キャプ:ドワーフ vs ハッシュ:スパドワ）","P.superbum dwarf sporeling"
1686216747-0,2023-06-08,low,スコタツ,#ジサクボスコタツ,scofieldtatsuta,スコタツ,willinckii,"正規化後も不一致（キャプ:scofieldtatsuta vs ハッシュ:スコタツ）","P willinckii scofieldtatsuta spore"
1686150860-0,2023-06-07,low,ジクジク,#ジサクボジクジク,gqgq,ジクジク,なし,"正規化後も不一致（キャプ:gqgq vs ハッシュ:ジクジク）","P.gqgq"
1686068921-0,2023-06-06,low,jgs6,#ジサクボjgs6,ジェイドガール,jgs6,willinckii,"正規化後も不一致（キャプ:ジェイドガール vs ハッシュ:jgs6）","P.willinckii jade girl sporeling"
1686068802-0,2023-06-06,low,jgs5,#ジサクボjgs5,ジェイドガール,jgs5,willinckii,"正規化後も不一致（キャプ:ジェイドガール vs ハッシュ:jgs5）","P.willinckii jade girl sporeling"
1686043856-0,2023-06-06,low,jgs4,#ジサクボjgs4,ジェイドガール,jgs4,willinckii,"正規化後も不一致（キャプ:ジェイドガール vs ハッシュ:jgs4）","P.willinckii jade girl sporeling"
1685868416-0,2023-06-04,low,グループk,#ジサクボグループk,group-k,グループk,willinckii,"正規化後も不一致（キャプ:group-k vs ハッシュ:グループk）","P.willinckii Group-K"
1685801409-0,2023-06-03,low,ars1,#ジサクボars1,オーバンリバー,ars1,veitchii,"正規化後も不一致（キャプ:オーバンリバー vs ハッシュ:ars1）","P.veitchii auburn river胞子培養＃1"
1685639140-0,2023-06-01,low,ペドロ,#ジサクボペドロ,セルソタツタ,ペドロ,なし,"正規化後も不一致（キャプ:セルソタツタ vs ハッシュ:ペドロ）","P.Pedro tatsuta "
1685368284-0,2023-05-29,low,ギンカ,#ジサクボギンカ,ginka,ギンカ,なし,"正規化後も不一致（キャプ:ginka vs ハッシュ:ギンカ）","P.Ginka"
1685236540-0,2023-05-28,low,jgs,#ジサクボjgs,ジェイドガール,jgs,willinckii,"正規化後も不一致（キャプ:ジェイドガール vs ハッシュ:jgs）","P.willinckii jade girl sporeling"
1684654864-0,2023-05-21,low,スコタツ,#ジサクボスコタツ,scofieldtatsuta,スコタツ,willinckii,"正規化後も不一致（キャプ:scofieldtatsuta vs ハッシュ:スコタツ）","P willinckii scofieldtatsuta spore"
1684458344-0,2023-05-19,low,マジュスポ,#ジサクボマジュスポ,hk,マジュスポ,なし,"正規化後も不一致（キャプ:hk vs ハッシュ:マジュスポ）","P.sp HK sporeling 【Majus mix 】"
1684417714-0,2023-05-18,low,バクスポ,#ジサクボバクスポ,bacteria,バクスポ,willinckii,"正規化後も不一致（キャプ:bacteria vs ハッシュ:バクスポ）","P.willinckii bacteria sporeling"
1684413135-0,2023-05-18,low,jgs2,#ジサクボjgs2,ジェイドガール,jgs2,willinckii,"正規化後も不一致（キャプ:ジェイドガール vs ハッシュ:jgs2）","P.willinckii jade girl sporeling"
1684315812-0,2023-05-17,low,白ルイス,#ジサクボルイス,マウントルイス,白ルイス,なし,"正規化後も不一致（キャプ:マウントルイス vs ハッシュ:白ルイス）","P.mt lewis "
1683967445-0,2023-05-13,low,ars1,#ジサクボars1,オーバンリバー,ars1,veitchii,"正規化後も不一致（キャプ:オーバンリバー vs ハッシュ:ars1）","P.veitchii auburn river胞子培養＃1"
1683942579-0,2023-05-13,low,ライディーン,#ジサクボライディーン,rydeen,ライディーン,なし,"正規化後も不一致（キャプ:rydeen vs ハッシュ:ライディーン）","P.Rydeen"
1683908077-0,2023-05-12,low,イエロームーン,#ジサクボイエロームーン,‘yellow,イエロームーン,willinckii,"正規化後も不一致（キャプ:‘yellow vs ハッシュ:イエロームーン）","P.willinckii ‘yellow moon’"
1683809677-0,2023-05-11,low,ars3,#ジサクボars3,オーバンリバー,ars3,veitchii,"正規化後も不一致（キャプ:オーバンリバー vs ハッシュ:ars3）","P.veitchii auburn river胞子培養＃3"
1683809542-0,2023-05-11,low,ars4,#ジサクボars4,オーバンリバー,ars4,veitchii,"正規化後も不一致（キャプ:オーバンリバー vs ハッシュ:ars4）","P.veitchii auburn river胞子培養＃4"
1683194679-0,2023-05-04,low,ギンカ,#ジサクボギンカ,ginka,ギンカ,なし,"正規化後も不一致（キャプ:ginka vs ハッシュ:ギンカ）","P.Ginka"
1683022478-0,2023-05-02,low,79,#ジサクボ79,7-9,79,willinckii,"正規化後も不一致（キャプ:7-9 vs ハッシュ:79）","P.willinckii 7-9"
1682753259-0,2023-04-29,low,ペドロ,#ジサクボペドロ,セルソタツタ,ペドロ,なし,"正規化後も不一致（キャプ:セルソタツタ vs ハッシュ:ペドロ）","P.Pedro tatsuta "
1682591312-0,2023-04-27,low,スコタツ,#ジサクボスコタツ,scofieldtatsuta,スコタツ,willinckii,"正規化後も不一致（キャプ:scofieldtatsuta vs ハッシュ:スコタツ）","P willinckii scofieldtatsuta spore"
1682425559-0,2023-04-25,low,ars4,#ジサクボars4,オーバンリバー,ars4,veitchii,"正規化後も不一致（キャプ:オーバンリバー vs ハッシュ:ars4）","P.veitchii auburn river胞子培養＃4"
1682413248-0,2023-04-25,low,jgs,#ジサクボjgs,ジェイドガール,jgs,willinckii,"正規化後も不一致（キャプ:ジェイドガール vs ハッシュ:jgs）","P.willinckii jade girl sporeling"
1682091018-0,2023-04-21,low,ars1,#ジサクボars1,オーバンリバー,ars1,veitchii,"正規化後も不一致（キャプ:オーバンリバー vs ハッシュ:ars1）","P.veitchii auburn river胞子培養＃1"
1682086975-0,2023-04-21,low,ars3,#ジサクボars3,オーバンリバー,ars3,veitchii,"正規化後も不一致（キャプ:オーバンリバー vs ハッシュ:ars3）","P.veitchii auburn river胞子培養＃3"
1682070314-0,2023-04-21,low,白ルイス,#ジサクボルイス,マウントルイス,白ルイス,なし,"正規化後も不一致（キャプ:マウントルイス vs ハッシュ:白ルイス）","P.mt lewis "
1681986641-0,2023-04-20,low,バクスポ,#ジサクボバクスポ,bacteria,バクスポ,willinckii,"正規化後も不一致（キャプ:bacteria vs ハッシュ:バクスポ）","P.willinckii bacteria sporeling"
1681727964-0,2023-04-17,low,jgs3,#ジサクボjgs3,ジェイドガール,jgs3,willinckii,"正規化後も不一致（キャプ:ジェイドガール vs ハッシュ:jgs3）","P.willinckii jade girl sporeling"
1681472788-0,2023-04-14,low,マジュスポ,#ジサクボマジュスポ,hk,マジュスポ,なし,"正規化後も不一致（キャプ:hk vs ハッシュ:マジュスポ）","P.sp HK sporeling 【Majus mix 】"
1681384278-0,2023-04-13,low,バクスポ,#ジサクボバクスポ,bacteria,バクスポ,willinckii,"正規化後も不一致（キャプ:bacteria vs ハッシュ:バクスポ）","P.willinckii bacteria sporeling"
1681378136-0,2023-04-13,low,ギンカ,#ジサクボギンカ,ginka,ギンカ,なし,"正規化後も不一致（キャプ:ginka vs ハッシュ:ギンカ）","P.Ginka"
1681335134-0,2023-04-12,low,�,なし,�,なし,willinckii,"キャプション「�」のみで分類（ハッシュタグなし）","P.willinckii � wallichii "
1681209603-0,2023-04-11,low,スパドワ,#ジサクボスパドワ,ドワーフ,スパドワ,なし,"正規化後も不一致（キャプ:ドワーフ vs ハッシュ:スパドワ）","P.supernumerary dwarf sporeling"
1681137966-0,2023-04-10,low,ワイルドウィリンキー,#ジサクボワイルドウィリンキー,indonesia,ワイルドウィリンキー,willinckii,"正規化後も不一致（キャプ:indonesia vs ハッシュ:ワイルドウィリンキー）","P.willinckii Indonesia wild "
1681127247-0,2023-04-10,low,ginka,なし,ginka,なし,なし,"キャプション「ginka」のみで分類（ハッシュタグなし）","P.Ginka"
1680969751-0,2023-04-08,low,ars4,#ジサクボars4,オーバンリバー,ars4,veitchii,"正規化後も不一致（キャプ:オーバンリバー vs ハッシュ:ars4）","P.veitchii auburn river胞子培養＃4"
1680776832-0,2023-04-06,low,jgs,#ジサクボjgs,ジェイドガール,jgs,willinckii,"正規化後も不一致（キャプ:ジェイドガール vs ハッシュ:jgs）","P.willinckii jade girl sporeling"
1680435212-0,2023-04-02,low,ベイチースポア,#ジサクボベイチースポア,胞子,ベイチースポア,veitchii,"正規化後も不一致（キャプ:胞子 vs ハッシュ:ベイチースポア）","P.veitchii sporeling (Group-VR)"
1680418086-0,2023-04-02,low,ワイルドウィリンキー,#ジサクボワイルドウィリンキー,indonesia,ワイルドウィリンキー,willinckii,"正規化後も不一致（キャプ:indonesia vs ハッシュ:ワイルドウィリンキー）","P.willinckii Indonesia wild "
1680178043-0,2023-03-30,low,スーダン,#ジサクボスーダン,アン,スーダン,willinckii,"正規化後も不一致（キャプ:アン vs ハッシュ:スーダン）","P.willinckii bogorsuddan"
1680087523-0,2023-03-29,low,ギンカ,#ジサクボギンカ,ginka,ギンカ,なし,"正規化後も不一致（キャプ:ginka vs ハッシュ:ギンカ）","P.Ginka"
1680000103-0,2023-03-28,low,マタタ,#ジサクボマタタ,hakunamatata,マタタ,なし,"正規化後も不一致（キャプ:hakunamatata vs ハッシュ:マタタ）","P.hakunamatata"
1679996313-0,2023-03-28,low,白ルイス,#ジサクボ白ルイス,マウントルイス,白ルイス,なし,"正規化後も不一致（キャプ:マウントルイス vs ハッシュ:白ルイス）","P.mt lewis 白い方"
1679909845-0,2023-03-27,low,マジュスポ,#ジサクボマジュスポ,hk,マジュスポ,なし,"正規化後も不一致（キャプ:hk vs ハッシュ:マジュスポ）","P.sp HK sporeling 【Majus mix 】"
1679491101-0,2023-03-22,low,ars3,#ジサクボars3,オーバンリバー,ars3,veitchii,"正規化後も不一致（キャプ:オーバンリバー vs ハッシュ:ars3）","P.veitchii auburn river胞子培養＃3"
1679490455-0,2023-03-22,low,ars1,#ジサクボars1,オーバンリバー,ars1,veitchii,"正規化後も不一致（キャプ:オーバンリバー vs ハッシュ:ars1）","P.veitchii auburn river胞子培養＃1"
1679318153-0,2023-03-20,low,スパドワ,#ジサクボスパドワ,ドワーフ,スパドワ,なし,"正規化後も不一致（キャプ:ドワーフ vs ハッシュ:スパドワ）","P.supernumerary dwarf sporeling"
1679304176-0,2023-03-20,low,ars4,#ジサクボars4,オーバンリバー,ars4,veitchii,"正規化後も不一致（キャプ:オーバンリバー vs ハッシュ:ars4）","P.veitchii auburn river胞子培養＃4"
1679234013-0,2023-03-19,low,jgs2,#ジサクボjgs2,ジェイドガール,jgs2,willinckii,"正規化後も不一致（キャプ:ジェイドガール vs ハッシュ:jgs2）","P.willinckii jade girl sporeling"
1679233896-0,2023-03-19,low,jgs3,#ジサクボjgs3,ジェイドガール,jgs3,willinckii,"正規化後も不一致（キャプ:ジェイドガール vs ハッシュ:jgs3）","P.willinckii jade girl sporeling"
1678709603-0,2023-03-13,low,白ルイス,#ジサクボルイス,マウントルイス,白ルイス,なし,"正規化後も不一致（キャプ:マウントルイス vs ハッシュ:白ルイス）","P.mt lewis "
1678611361-0,2023-03-12,low,ギンカ,#ジサクボギンカ,ginka,ギンカ,なし,"正規化後も不一致（キャプ:ginka vs ハッシュ:ギンカ）","P.Ginka"
1678582701-0,2023-03-12,low,マジュスポ,#ジサクボマジュスポ,hk,マジュスポ,なし,"正規化後も不一致（キャプ:hk vs ハッシュ:マジュスポ）","P.sp HK sporeling 【Majus mix 】"
1678373780-0,2023-03-09,low,ライディーン,#ジサクボライディーン,rydeen,ライディーン,なし,"正規化後も不一致（キャプ:rydeen vs ハッシュ:ライディーン）","P.Rydeen"
1678282695-0,2023-03-08,low,ars4,#ジサクボars4,オーバンリバー,ars4,veitchii,"正規化後も不一致（キャプ:オーバンリバー vs ハッシュ:ars4）","P.veitchii auburn river胞子培養＃4"
1678105637-0,2023-03-06,low,スコタツ,#ジサクボスコタツ,scofieldtatsuta,スコタツ,willinckii,"正規化後も不一致（キャプ:scofieldtatsuta vs ハッシュ:スコタツ）","P willinckii scofieldtatsuta spore"
1677978910-0,2023-03-05,low,ながいの,#ジサクボながいの,longfinger,ながいの,veitchii,"正規化後も不一致（キャプ:longfinger vs ハッシュ:ながいの）","P.veitchii longfinger"
1677835662-0,2023-03-03,low,イエロームーン,#ジサクボイエロームーン,‘yellow,イエロームーン,willinckii,"正規化後も不一致（キャプ:‘yellow vs ハッシュ:イエロームーン）","P.willinckii ‘yellow moon’"
1677835481-0,2023-03-03,low,ギンカ,#ジサクボギンカ,ginka,ギンカ,なし,"正規化後も不一致（キャプ:ginka vs ハッシュ:ギンカ）","P.Ginka"
1677080538-0,2023-02-22,low,ジクジク,#ジサクボジクジク,gqgq,ジクジク,なし,"正規化後も不一致（キャプ:gqgq vs ハッシュ:ジクジク）","P.gqgq"
1675869466-0,2023-02-08,low,ギンカ,#ジサクボギンカ,ginka,ギンカ,なし,"正規化後も不一致（キャプ:ginka vs ハッシュ:ギンカ）","P.Ginka"
1674917498-0,2023-01-28,low,ジクジク,#ジサクボジクジク,gqgq,ジクジク,なし,"正規化後も不一致（キャプ:gqgq vs ハッシュ:ジクジク）","P.gqgq"
1674821510-0,2023-01-27,low,ギンカ,#ジサクボギンカ,ginka,ギンカ,なし,"正規化後も不一致（キャプ:ginka vs ハッシュ:ギンカ）","P.Ginka"
1672929700-0,2023-01-05,low,ギンカ,#ジサクボギンカ,ginka,ギンカ,なし,"正規化後も不一致（キャプ:ginka vs ハッシュ:ギンカ）","P.Ginka"
1670674643-0,2022-12-10,low,ギンカ,#ジサクボギンカ,ginka,ギンカ,なし,"正規化後も不一致（キャプ:ginka vs ハッシュ:ギンカ）","P.Ginka"
1669347837-0,2022-11-25,low,イエロームーン,#ジサクボイエロームーン,‘yellow,イエロームーン,willinckii,"正規化後も不一致（キャプ:‘yellow vs ハッシュ:イエロームーン）","P.willinckii ‘yellow moon’"
1667910831-0,2022-11-08,low,イエロームーン,#ジサクボイエロームーン,‘yellow,イエロームーン,willinckii,"正規化後も不一致（キャプ:‘yellow vs ハッシュ:イエロームーン）","P.willinckii ‘yellow moon’"
1666878916-0,2022-10-27,low,イエロームーン,#ジサクボイエロームーン,yellow,イエロームーン,willinckii,"正規化後も不一致（キャプ:yellow vs ハッシュ:イエロームーン）","あまり登場しないP.willinckii yellow moon"